{"powersave": false, "sevol": 0.4499999999999996, "bgmvol": 0.8000000000000002}