{"powersave": false, "sevol": 0.05000000000000002, "bgmvol": 0.5999999999999996, "fullscreen": false}