{"powersave": false, "sevol": 0.39999999999999997, "bgmvol": 0.8000000000000002}